[
  {
    "id": "17EF84121B8F41FC9C5D9C5E049E0956",
    "label": "国内进港",
    "columns": [
      {"label": "编号", "value": "id"},
      {"label": "承运人", "value": "carrier"},
      {"label": "航班号", "value": "flight"},
      {"label": "航段", "value": "router"},
      {"label": "共享航班", "value": "shareflight"},
      {"label": "方向", "value": "direction"},
      {"label": "目的地", "value": "destination"},
      {"label": "区域属性", "value": "flightnature"},
      {"label": "航班任务", "value": "flighttask"},
      {"label": "航班状态", "value": "flightstatus"},
      {"label": "异常航班状态", "value": "irregularstatus"},
      {"label": "多机场编号", "value": "flightid"},
      {"label": "计划到达时间", "value": "schedulearrivetime"},
      {"label": "计划出发时间", "value": "scheduledeparttime"},
      {"label": "预计到达时间", "value": "estimatearrivetime"},
      {"label": "预计出发时间", "value": "estimatedeparttime"},
      {"label": "实际到达时间", "value": "actualarrivetime"},
      {"label": "实际出发时间", "value": "actualdeparttime"}
    ]
  },
  {
    "id": "10002",
    "label": "测试数据源 2",
    "columns": [
      {"label": "航班状态2", "value": "flightstatus2"},
      {"label": "共享航班2", "value": "shareflight2"},
      {"label": "目的地2", "value": "router2"}
    ]
  },
  {
    "id": "$main_pager",
    "label": "分页数据源",
    "columns": [
      {"label": "当前页码", "value": "pageNumber"},
      {"label": "分页大小", "value": "pageSize"},
      {"label": "总页数", "value": "pageCount"},
      {"label": "总数", "value": "recordCount"}
    ]
  }
]
